code,employee_name,group,item_code,item_group_name,category,brand,item_name,qty,price,total,i_group
S-01-12-2023-274341,Zahid - 217,B.City,5616,Power & Smart Tech,Power Adapter,Anker,Anker PowerPort III 20W Cube,1,1150,1150.0,Power Tech
S-01-12-2023-274341,Zahid - 217,B.City,912,Apple Accessories,Data Cable,Apple,Apple USB-C to Lightning Cable 1m - Non Authorized (New),1,1000,1000.0,Power Tech
S-01-12-2023-274341,Zahid - 217,B.City,22672,Used Devices,iPhone - Used,Apple,iPhone 11 128GB Green e-Sim Slim Box (Used),1,47500,47500.0,Devices
S-01-12-2023-274340,Arif - 007,B.City,19858,Power & Smart Tech,Power Adapter,Anker,Anker 511 Charger Nano 3 - 30W - White,1,1650,1650.0,Power Tech
S-01-12-2023-274339,Mehedi - 165,B.City,3037,Outfits,Macbook Cover,WiWu,WiWU Keyboard Protector for MacBook - Air 13.3/15.3inch/ Pro 14.2/16.2inch,1,850,850.0,N|A
S-01-12-2023-274339,Mehedi - 165,B.City,2293,Outfits,Macbook Cover,WiWu,WiWU iShield Ultra Thin Hard Shell Case for MacBook Air - 13.3 inch - Black,1,1850,1850.0,N|A
S-01-12-2023-274339,Mehedi - 165,B.City,331,New Devices,MacBook,Apple,Apple MacBook Air 13 M1 8-CPU 7-GPU 8/256GB Space Gray - MGN63 (New),1,100000,100000.0,Devices
S-01-12-2023-274338,Abu Sufian - 183,B.City,264,Power & Smart Tech,Trimmer,Xiaomi,Xiaomi ENCHEN Boost Hair Trimmer - Black,1,1500,1500.0,Smart Tech
S-01-12-2023-274337,Ayan - 119,B.City,23868,New Devices,Xiaomi Mobile,Xiaomi,Xiaomi Redmi 11 Prime 4/64GB IND Playful Green (New),1,13000,13000.0,Devices
S-01-12-2023-274336,Munna - 053,JFP,22201,New Devices,Samsung Mobile,Samsung,Samsung Z Fold5 5G 12/512GB Cream Dual Sim SD (New),1,148000,148000.0,Devices
S-01-12-2023-274336,Munna - 053,JFP,22290,New Devices,Samsung Mobile,Samsung,Samsung Z Fold5 5G 12/512GB Phantom Black Dual Sim SD (New),1,148000,148000.0,Devices
S-01-12-2023-274336,Munna - 053,JFP,22200,New Devices,Samsung Mobile,Samsung,Samsung Z Fold5 5G 12/512GB Icy Blue Dual Sim SD (New),2,148000,296000.0,Devices
S-01-12-2023-274335,Shawon - 031,B.City,20175,Speaker / Headphone,Airpods / Buds / Dots,Qcy,QCY T13 TWS - Black,1,1700,1700.0,Sound Tech
S-01-12-2023-274335,Shawon - 031,B.City,22102,Outfits,iPad Cover,Levelo,Levelo Leather Flip Case for iPad 10.9 / 11 inch - Dark Blue,1,1800,1800.0,N|A
S-01-12-2023-274335,Shawon - 031,B.City,1984,Outfits,iPad Screen Protector,WiWu,WiWu Paperlike Screen Protector for iPad Air 10.9 / Pro 11- inch,1,1000,1000.0,N|A
S-01-12-2023-274335,Shawon - 031,B.City,5036,New Devices,iPad,Apple,iPad Air 5th Gen 64GB WiFi Purple (New),1,70500,70500.0,Devices
S-01-12-2023-274333,Safayet - 163,B.City,23104,Used Devices,Google Mobile - Used,Google,Google Pixel 5A 5G 6/128GB Green (Used),1,22000,22000.0,N|A
S-01-12-2023-274332,Ridwan-319,JFP,22539,Outfits,Phone Screen Protector,WiWu,WiWU iVista Super Hardness Glass For iPhone 13 Pro Max / 14 Plus,1,800,800.0,N|A
S-01-12-2023-274332,Ridwan-319,JFP,227,Speaker / Headphone,Wired Headphone,JBL,JBL TUNE 110 Wired In-Ear Headphone - 3.5mm - Black,1,900,900.0,Sound Tech
S-01-12-2023-274330,Zahid - 217,B.City,20620,Outfits,Phone Cover,Q-Series,Q-Series MagSafe Case with Lens Protector for iPhone 14 Pro - White,1,600,600.0,N|A
S-01-12-2023-274330,Zahid - 217,B.City,21663,Outfits,Phone Screen Protector,WiWu,WiWU iVista Super Hardness Glass For iPhone 14 Pro,1,800,800.0,N|A
S-01-12-2023-274329,Arif - 007,B.City,23837,Outfits,Phone Screen Protector,WiWu,WiWU SQ-005 Easy Install Tempered Glass for iPhone 15 Pro Max - Clear,1,1000,1000.0,N|A
S-01-12-2023-274329,Arif - 007,B.City,23835,Outfits,Phone Screen Protector,WiWu,WiWU SQ-005 Easy Install Tempered Glass for iPhone 15 - Clear,1,1000,1000.0,N|A
S-01-12-2023-274329,Arif - 007,B.City,23350,New Devices,iPhone,Apple,iPhone 15 128GB Green e-Sim (New),1,115000,115000.0,Devices
S-01-12-2023-274329,Arif - 007,B.City,23876,New Devices,iPhone,Apple,iPhone 15 Plus 128GB Black e-Sim (New),1,130000,130000.0,Devices
S-01-12-2023-274327,Abu Sufian - 183,B.City,1972,Speaker / Headphone,Audio Converter,Samsung,Samsung USB-C to 3.5mm Headphone Jack Adapter (New) - White,1,1500,1500.0,Smart Tech
S-01-12-2023-274327,Abu Sufian - 183,B.City,7279,Power & Smart Tech,Power Adapter,Samsung,Samsung 45W USB C Wall Charger With Type C Cable 3pin - 5A/1.8M - Black,1,3900,3900.0,Power Tech
S-01-12-2023-274327,Abu Sufian - 183,B.City,20530,New Devices,Samsung Mobile,Samsung,Samsung S23 Ultra 5G 8/256GB Green Dual Sim SD (New),1,101000,101000.0,Devices
S-01-12-2023-274325,Shimul-320,JFP,21696,Outfits,Phone Screen Protector,Mohave,Mohave Premium Privacy Screen Protector film with Installation Box for Galaxy S22 Ultra/ S23 Ultra,1,1600,1600.0,N|A
S-01-12-2023-274325,Shimul-320,JFP,2573,Outfits,Polly / Sticker,,Clear Polly (7''),4,225,900.0,N|A
S-01-12-2023-274324,Matin - 209,JFP,21263,New Devices,Samsung Mobile,Samsung,Samsung A34 5G 8/128GB Awesome Graphite Dual Sim (New),1,29500,29500.0,Devices
S-01-12-2023-274323,Omar - 316,S.Shomvar,23468,Apple Accessories,Smart Watch,Apple,Apple Watch Series 9 41mm Midnight (New),1,51000,51000.0,Smart Watch
S-01-12-2023-274322,Mehedi - 165,B.City,21166,New Devices,Samsung Mobile,Samsung,Samsung A54 5G 8/256GB Awesome Lime (New),1,40500,40500.0,Devices
S-01-12-2023-274321,Arif - 007,B.City,21696,Outfits,Phone Screen Protector,Mohave,Mohave Premium Privacy Screen Protector film with Installation Box for Galaxy S22 Ultra/ S23 Ultra,1,1600,1600.0,N|A
S-01-12-2023-274320,Shawon - 031,B.City,2597,Power & Smart Tech,Casting Device,Amazon,Amazon Fire TV Stick 4K,1,5000,5000.0,Smart Tech
S-01-12-2023-274319,Shawon - 031,B.City,21696,Outfits,Phone Screen Protector,Mohave,Mohave Premium Privacy Screen Protector film with Installation Box for Galaxy S22 Ultra/ S23 Ultra,1,1600,1600.0,N|A
S-01-12-2023-274316,Juel - 317,M.Plaza,956,Outfits,TAB Screen Protector,,N.G Glass Protector for Tab S6 Lite,1,500,500.0,N|A
S-01-12-2023-274316,Juel - 317,M.Plaza,19935,New Devices,Samsung Tab,Samsung,Samsung TAB S6 Lite 2022 4/64GB WiFi Oxford Gray (New) - SM-P613,1,34000,34000.0,Devices
S-01-12-2023-274315,Rocon - 182,Rupayan L.Tower,22808,Outfits,Phone Cover,Momax,Momax CaseForm PLAY Magnetic Case for iPhone 15 Pro Max - Transparent,1,1500,1500.0,N|A
S-01-12-2023-274314,Matin - 209,JFP,6524,Power & Smart Tech,Power Bank,Anker,Anker MagGo 633 Magnetic Battery 10000mAh - Black,1,5000,5000.0,Power Tech
S-01-12-2023-274312,Jubayer-313,JFP,22835,New Devices,Laptop,HP,Hp Victus fa1093dx 15.6 Intel i5-13420H NVIDIA RTX 3050 8/512GB SSD - Blue (New),1,102500,102500.0,N|A
S-01-12-2023-274310,Mehedi - 165,B.City,1393,Power & Smart Tech,Power Adapter,Samsung,Samsung 25W USB C Wall Charger 3Pin - Black,1,2000,2000.0,Power Tech
S-01-12-2023-274308,Shimul-320,JFP,22451,New Devices,Realme Mobile,Realme,Realme Narzo 60 5G 8/128GB Cosmic Black (New),1,23300,23300.0,Devices
S-01-12-2023-274306,Ridwan-319,JFP,45,Speaker / Headphone,Wired Headphone,Plextone,Plextone G30 Dual Mode Gaming Headset - 3.5mm - Black,1,1350,1350.0,Sound Tech
S-01-12-2023-274305,Ayan - 119,B.City,21738,Outfits,Phone Cover,Xundd,Xundd Bumper Case for Galaxy A54,1,600,600.0,N|A
S-01-12-2023-274305,Ayan - 119,B.City,1393,Power & Smart Tech,Power Adapter,Samsung,Samsung 25W USB C Wall Charger 3Pin - Black,1,2000,2000.0,Power Tech
S-01-12-2023-274305,Ayan - 119,B.City,20687,New Devices,Samsung Mobile,Samsung,Samsung A54 5G 8/128GB Awesome Graphite (New),1,36000,36000.0,Devices
S-01-12-2023-274304,Ridwan-319,JFP,23024,Outfits,Phone Cover,Momax,Momax CaseForm PLAY Magnetic Case for iPhone 15 Pro - Black,1,1500,1500.0,N|A
S-01-12-2023-274304,Ridwan-319,JFP,23836,Outfits,Phone Screen Protector,WiWu,WiWU SQ-005 Easy Install Tempered Glass for iPhone 15 Pro - Clear,1,1000,1000.0,N|A
S-01-12-2023-274304,Ridwan-319,JFP,23345,Outfits,Phone Camera Protector,Anank,Anank AR Circle Lens Guard for iPhone 15 Pro/15 Pro Max - Blue,1,850,850.0,N|A
S-01-12-2023-274304,Ridwan-319,JFP,2573,Outfits,Polly / Sticker,,Clear Polly (7''),2,250,500.0,N|A
S-01-12-2023-274303,Ismail - 250,M.Plaza,23478,Outfits,Phone Screen Protector,kuzoom,Kuzoom 3D Curved Full Screen Glass Film for Galaxy S23 Ultra - Black,1,1200,1200.0,N|A
S-01-12-2023-274303,Ismail - 250,M.Plaza,19763,Outfits,Phone Cover,Samsung,Samsung Galaxy S23 Ultra Smart View Wallet Case - Black,1,4400,4400.0,N|A
S-01-12-2023-274302,Abu Sufian - 183,B.City,22199,New Devices,Samsung Mobile,Samsung,Samsung A24 8/128GB Green (New),1,24000,24000.0,Devices
S-01-12-2023-274301,Safayet - 163,B.City,317,Apple Accessories,Data Cable,Apple,Apple Lightning to USB Cable 1m - Non Authorized (New),1,1300,1300.0,Power Tech
S-01-12-2023-274298,Zahid - 217,B.City,23315,Outfits,Phone Cover,Raigor,Raigor Inverse Clear Cover for Galaxy Z Flip 5 - Silver,1,1500,1500.0,N|A
S-01-12-2023-274298,Zahid - 217,B.City,22640,New Devices,Samsung Mobile,Samsung,Samsung Z Flip5 5G 8/256GB Lavender Single Sim SD (New),1,80000,80000.0,Devices
S-01-12-2023-274297,Shawon - 031,B.City,23346,Outfits,Phone Camera Protector,Anank,Anank AR Circle Lens Guard for iPhone 15 Pro/15 Pro Max - Black,1,850,850.0,N|A
S-01-12-2023-274297,Shawon - 031,B.City,23339,Outfits,Phone Screen Protector,Anank,Anank 2.5D Privacy Glass Screen Protector for iPhone 15,1,1100,1100.0,N|A
S-01-12-2023-274297,Shawon - 031,B.City,23160,Outfits,Phone Cover,Anker,Anker Frosted Magnetic Phone Case for iPhone 15 Pro - Black,1,1600,1600.0,N|A
S-01-12-2023-274294,Safayet - 163,B.City,4962,New Devices,Samsung Tab,Samsung,Samsung TAB A8 4/64GB LTE Gray (New) - SM-X205,1,28500,28500.0,Devices
S-01-12-2023-274293,Omar - 316,S.Shomvar,3728,Speaker / Headphone,Airpods / Buds / Dots,OnePlus,OnePlus Buds Z2 - White,1,5500,5500.0,Sound Tech
S-01-12-2023-274292,Rocon - 182,Rupayan L.Tower,22035,Outfits,Phone Cover,,Silicone Protective Case with MagSafe for iPhone 14 - Midnight,1,1000,1000.0,N|A
S-01-12-2023-274289,Mehedi - 165,B.City,22367,New Devices,Samsung Mobile,Samsung,Samsung S22 5G 8/128GB Phantom Black Dual Sim (New),1,60500,60500.0,Devices
S-01-12-2023-274288,Ashish - 014,TS,22882,New Devices,iPhone,Apple,iPhone 15 Pro Max 256GB Natural Titanium e-Sim (New),1,170500,170500.0,Devices
S-01-12-2023-274288,Ashish - 014,TS,574,Apple Accessories,Power Adapter,Apple,Apple 20W USB-C Power Adapter 2Pin (New),1,3000,3000.0,Power Tech
S-01-12-2023-274288,Ashish - 014,TS,22808,Outfits,Phone Cover,Momax,Momax CaseForm PLAY Magnetic Case for iPhone 15 Pro Max - Transparent,1,1500,1500.0,N|A
S-01-12-2023-274288,Ashish - 014,TS,23344,Outfits,Phone Screen Protector,Anank,Anank 3D Curved Clear Screen Protector for iPhone 15 Pro Max,1,750,750.0,N|A
S-01-12-2023-274288,Ashish - 014,TS,23817,Outfits,Phone Camera Protector,kuzoom,Kuzoom Lens Protector for iPhone 15 Pro / 15 Pro Max - Natural,1,650,650.0,N|A
S-01-12-2023-274287,Matin - 209,JFP,23338,Outfits,Phone Screen Protector,Anank,Anank 2.5D Anti-Blue Glass Screen Protector for iPhone 15 Pro Max,1,1050,1050.0,N|A
S-01-12-2023-274287,Matin - 209,JFP,20019,Outfits,Phone Cover,,Creative Metal Lens Protection Case for iPhone 14 Pro Max - Sierra Blue,1,450,450.0,N|A
S-01-12-2023-274287,Matin - 209,JFP,6723,New Devices,iPhone,Apple,iPhone 14 Pro Max 256GB Deep Purple e-Sim (New),1,159000,159000.0,Devices
S-01-12-2023-274287,Matin - 209,JFP,574,Apple Accessories,Power Adapter,Apple,Apple 20W USB-C Power Adapter 2Pin (New),1,3000,3000.0,Power Tech
S-01-12-2023-274285,Zahid - 217,B.City,23338,Outfits,Phone Screen Protector,Anank,Anank 2.5D Anti-Blue Glass Screen Protector for iPhone 15 Pro Max,1,1050,1050.0,N|A
S-01-12-2023-274285,Zahid - 217,B.City,22808,Outfits,Phone Cover,Momax,Momax CaseForm PLAY Magnetic Case for iPhone 15 Pro Max - Transparent,1,1500,1500.0,N|A
S-01-12-2023-274285,Zahid - 217,B.City,23817,Outfits,Phone Camera Protector,kuzoom,Kuzoom Lens Protector for iPhone 15 Pro / 15 Pro Max - Natural,1,850,850.0,N|A
S-01-12-2023-274285,Zahid - 217,B.City,574,Apple Accessories,Power Adapter,Apple,Apple 20W USB-C Power Adapter 2Pin (New),1,3000,3000.0,Power Tech
S-01-12-2023-274284,Abu Sufian - 183,B.City,23702,Outfits,Airpods Case,K-Doo,KZDOO Crashguard Protective Case for Airpods Pro 2 - Grey,1,1150,1150.0,N|A
S-01-12-2023-274284,Abu Sufian - 183,B.City,6980,Outfits,Phone Screen Protector,Joyroom,Joyroom Privacy Glass Protector for iPhone 14 Pro Max,1,1000,1000.0,N|A
S-01-12-2023-274284,Abu Sufian - 183,B.City,22954,Apple Accessories,Airpods / Buds / Dots,Apple,Apple AirPods Pro 2nd Generation With USB-C (New),1,29500,29500.0,Sound Tech
S-01-12-2023-274282,Shawon - 031,B.City,23555,Outfits,Phone Cover,,Clear Case with MagSafe for iPhone 15 Pro Max,1,1000,1000.0,N|A
S-01-12-2023-274282,Shawon - 031,B.City,22887,Outfits,Phone Screen Protector,Joyroom,Joyroom Privacy Glass Protector for iPhone 15 Pro Max,1,1100,1100.0,N|A
S-01-12-2023-274282,Shawon - 031,B.City,574,Apple Accessories,Power Adapter,Apple,Apple 20W USB-C Power Adapter 2Pin (New),1,3000,3000.0,Power Tech
S-01-12-2023-274282,Shawon - 031,B.City,22880,New Devices,iPhone,Apple,iPhone 15 Pro Max 256GB Natural Titanium Dual Sim (New),1,170500,170500.0,Devices
S-01-12-2023-274281,Arif - 007,B.City,22678,Speaker / Headphone,Airpods / Buds / Dots,WiWu,WiWU Airbuds Pro 2 Lite ANC,1,2350,2350.0,Sound Tech
S-01-12-2023-274281,Arif - 007,B.City,23817,Outfits,Phone Camera Protector,kuzoom,Kuzoom Lens Protector for iPhone 15 Pro / 15 Pro Max - Natural,1,800,800.0,N|A
S-01-12-2023-274281,Arif - 007,B.City,23837,Outfits,Phone Screen Protector,WiWu,WiWU SQ-005 Easy Install Tempered Glass for iPhone 15 Pro Max - Clear,1,1000,1000.0,N|A
S-01-12-2023-274281,Arif - 007,B.City,23785,Outfits,Phone Cover,WiWu,WiWU Jelly Magsafe Case for iPhone 15 Pro Max - Orange,1,1500,1500.0,N|A
S-01-12-2023-274281,Arif - 007,B.City,574,Apple Accessories,Power Adapter,Apple,Apple 20W USB-C Power Adapter 2Pin (New),1,3000,3000.0,Power Tech
S-01-12-2023-274281,Arif - 007,B.City,22882,New Devices,iPhone,Apple,iPhone 15 Pro Max 256GB Natural Titanium e-Sim (New),1,170500,170500.0,Devices
S-01-12-2023-274280,Omar - 316,S.Shomvar,19777,Power & Smart Tech,Power Adapter,Anker,Anker 511 Charger Nano Pro - 20W - White,1,1600,1600.0,Power Tech
S-01-12-2023-274279,Ayan - 119,B.City,23697,Outfits,Airpods Case,K-Doo,KZDOO Crashguard Protective Case for Airpods Pro 2 - Silver,1,1150,1150.0,N|A
S-01-12-2023-274279,Ayan - 119,B.City,21663,Outfits,Phone Screen Protector,WiWu,WiWU iVista Super Hardness Glass For iPhone 14 Pro,1,800,800.0,N|A
S-01-12-2023-274279,Ayan - 119,B.City,21038,Outfits,Phone Cover,,PQY Car Series Case for iPhone 14 Pro - Purple,1,1200,1200.0,N|A
S-01-12-2023-274268,Mahmud - 337,TS,19858,Power & Smart Tech,Power Adapter,Anker,Anker 511 Charger Nano 3 - 30W - White,1,1650,1650.0,Power Tech
S-01-12-2023-274267,Omar - 316,S.Shomvar,7279,Power & Smart Tech,Power Adapter,Samsung,Samsung 45W USB C Wall Charger With Type C Cable 3pin - 5A/1.8M - Black,1,3900,3900.0,Power Tech
S-01-12-2023-274267,Omar - 316,S.Shomvar,19852,New Devices,Samsung Mobile,Samsung,Samsung S23 Ultra 5G 12/256GB Phantom Black Dual Sim SD (New),1,107000,107000.0,Devices
S-01-12-2023-274264,Bappy - 336,TS,7594,New Devices,Google Mobile,Google,Google Pixel 7 Pro 12/128GB Obsidian (New),1,81000,81000.0,Devices
S-01-12-2023-274263,Ayan - 119,B.City,22936,Speaker / Headphone,Wireless Headphone,OnePlus,OnePlus Bullets Wireless Z2 ANC - Black,1,3700,3700.0,Sound Tech
S-01-12-2023-274263,Ayan - 119,B.City,23830,Outfits,iPad Screen Protector,WiWu,WiWu iVista Super Hardness Glass for iPad 10.9/11 inch,1,1500,1500.0,N|A
S-01-12-2023-274263,Ayan - 119,B.City,22099,Outfits,iPad Cover,Levelo,Levelo Leather Flip Case for iPad 10.9 / 11 inch - Black,1,1800,1800.0,N|A
S-01-12-2023-274263,Ayan - 119,B.City,21691,New Devices,iPad,Apple,iPad Pro M2 11 128GB WiFi+Cellular Silver (New),1,101500,101500.0,Devices
S-01-12-2023-274261,Safayet - 163,B.City,21291,Outfits,iPad Screen Protector,WiWu,WiWu Paperlike Screen Protector for iPad 10.2 inch,1,1000,997.62,N|A
S-01-12-2023-274261,Safayet - 163,B.City,22091,Outfits,iPad Cover,Levelo,Levelo Leather Flip Case for iPad 10.2 inch - Dark Blue,1,1600,1596.2,N|A
S-01-12-2023-274261,Safayet - 163,B.City,3362,New Devices,iPad,Apple,iPad 9th Gen 64GB WiFi Space Gray (New),1,39500,39406.18,Devices
S-01-12-2023-274260,Juel - 317,M.Plaza,22956,Outfits,Phone Cover,Xundd,Xundd Bumper Case for Redmi Note 12 4G,1,600,600.0,N|A
S-01-12-2023-274258,Juel - 317,M.Plaza,21842,Outfits,Smart Watch Accessories,WiWu,WiWU JD101 Defender Watch Case 44mm - Black,1,950,950.0,N|A
S-01-12-2023-274255,Mahmud - 337,TS,334,Apple Accessories,Stylus/Pencil,Apple,Apple Pencil 2 (New),1,13500,13500.0,Smart Tech
S-01-12-2023-274254,Munna - 053,JFP,4469,New Devices,Samsung Mobile,Samsung,Samsung S21 FE 5G 8/256GB Olive Dual Sim (New),1,51000,51000.0,Devices
S-01-12-2023-274253,Arif - 007,B.City,1738,Outfits,Macbook Screen Protector,WiWu,WiWu Screen Protector for MacBook Air/Pro - M1 & Pro - M2 - 13 inch,1,1200,1200.0,N|A
S-01-12-2023-274253,Arif - 007,B.City,3422,Laptop + iPad Accessories,Hubs and Docks,Baseus,Baseus Metal Gleam Series/ Starjoy 5 in 1 Multifunctional Type-C HUB,1,2950,2950.0,Smart Tech
S-01-12-2023-274253,Arif - 007,B.City,331,New Devices,MacBook,Apple,Apple MacBook Air 13 M1 8-CPU 7-GPU 8/256GB Space Gray - MGN63 (New),1,100000,100000.0,Devices
S-01-12-2023-274252,Zahid - 217,B.City,23131,Outfits,Phone Cover,,Spigen Ultra Hybrid Crystal Clear Case for iPhone 15 Pro Max - Matte Black,2,900,1800.0,N|A
S-01-12-2023-274252,Zahid - 217,B.City,23817,Outfits,Phone Camera Protector,kuzoom,Kuzoom Lens Protector for iPhone 15 Pro / 15 Pro Max - Natural,1,850,850.0,N|A
S-01-12-2023-274252,Zahid - 217,B.City,23345,Outfits,Phone Camera Protector,Anank,Anank AR Circle Lens Guard for iPhone 15 Pro/15 Pro Max - Blue,1,850,850.0,N|A
S-01-12-2023-274252,Zahid - 217,B.City,23328,Outfits,Phone Screen Protector,,Spigen Glas tR EZ Fit Full Cover Screen Protector for iPhone 15 Pro Max - OEM - Transparent,2,1200,2400.0,N|A
S-01-12-2023-274252,Zahid - 217,B.City,574,Apple Accessories,Power Adapter,Apple,Apple 20W USB-C Power Adapter 2Pin (New),2,3000,6000.0,Power Tech
S-01-12-2023-274252,Zahid - 217,B.City,22882,New Devices,iPhone,Apple,iPhone 15 Pro Max 256GB Natural Titanium e-Sim (New),1,170500,170500.0,Devices
S-01-12-2023-274251,Shawon - 031,B.City,22882,New Devices,iPhone,Apple,iPhone 15 Pro Max 256GB Natural Titanium e-Sim (New),1,170500,170500.0,Devices
S-01-12-2023-274251,Shawon - 031,B.City,22997,Outfits,Phone Cover,Momax,Momax CaseForm PLAY Magnetic Case for iPhone 15 Pro Max - Black,1,1500,1500.0,N|A
S-01-12-2023-274251,Shawon - 031,B.City,23328,Outfits,Phone Screen Protector,,Spigen Glas tR EZ Fit Full Cover Screen Protector for iPhone 15 Pro Max - OEM - Transparent,1,1200,1200.0,N|A
S-01-12-2023-274251,Shawon - 031,B.City,574,Apple Accessories,Power Adapter,Apple,Apple 20W USB-C Power Adapter 2Pin (New),1,3000,3000.0,Power Tech
S-01-12-2023-274248,Abu Sufian - 183,B.City,23623,Outfits,Phone Cover,,Silicone Case With MagSafe for iPhone 15 - Winter Blue,1,1200,1200.0,N|A
S-01-12-2023-274246,Shakil-312,JFP,23290,New Devices,Laptop,Lenovo,Lenovo IdeaPad Slim 3 15IRU8 15.6 Intel i3 - 1305U Intel Integrated UHD 8/256GB - Arctic Gray,1,55000,55000.0,N|A
S-01-12-2023-274244,Ashish - 014,TS,21503,Power & Smart Tech,Casting Device,Xiaomi,Xiaomi TV Box S 2nd Gen 4K,1,6000,6000.0,Smart Tech
S-01-12-2023-274243,Ismail - 250,M.Plaza,6634,Outfits,Phone Screen Protector,Artoriz,Artoriz Glass Protector for iPhone 14 Pro,1,600,600.0,N|A
S-01-12-2023-274240,Omar - 316,S.Shomvar,5358,Power & Smart Tech,Power Adapter,Samsung,Samsung 25W USB-C Wall Charger 2Pin - Black,1,2000,2000.0,Power Tech
S-01-12-2023-274238,Arif - 007,B.City,3539,New Devices,iPhone,Apple,iPhone 13 128GB Midnight e-Sim (New),1,78500,78500.0,Devices
S-01-12-2023-274237,Rocon - 182,Rupayan L.Tower,243,Speaker / Headphone,Airpods / Buds / Dots,Joyroom,Joyroom JR-T03S Pro TWS,1,3000,3000.0,Sound Tech
S-01-12-2023-274235,Rocon - 182,Rupayan L.Tower,21766,New Devices,Samsung Mobile,Samsung,Samsung A24 8/128GB Black (New),1,24000,24000.0,Devices
S-01-12-2023-274234,Ismail - 250,M.Plaza,22678,Speaker / Headphone,Airpods / Buds / Dots,WiWu,WiWU Airbuds Pro 2 Lite ANC,1,2350,2350.0,Sound Tech
S-01-12-2023-274233,Ayan - 119,B.City,21652,New Devices,MacBook,Apple,Apple MacBook Air 15'' M2 8-CPU 10-GPU 8/256GB Midnight - MQKW3 (New),1,148000,148000.0,Devices
S-01-12-2023-274232,Abu Sufian - 183,B.City,5616,Power & Smart Tech,Power Adapter,Anker,Anker PowerPort III 20W Cube,1,1150,1150.0,Power Tech
S-01-12-2023-274230,Safayet - 163,B.City,6723,New Devices,iPhone,Apple,iPhone 14 Pro Max 256GB Deep Purple e-Sim (New),1,159000,159000.0,Devices
S-01-12-2023-274230,Safayet - 163,B.City,574,Apple Accessories,Power Adapter,Apple,Apple 20W USB-C Power Adapter 2Pin (New),1,3000,3000.0,Power Tech
S-01-12-2023-274230,Safayet - 163,B.City,6980,Outfits,Phone Screen Protector,Joyroom,Joyroom Privacy Glass Protector for iPhone 14 Pro Max,1,1000,1000.0,N|A
S-01-12-2023-274229,Munna - 053,JFP,2123,Power & Smart Tech,Power Bank,Baseus,Baseus Adaman Metal Digital Display 22.5W Power Bank 20000mAh,1,2250,2250.0,Power Tech
S-01-12-2023-274225,Mahmud - 337,TS,22987,Smart Watch,Smart Watch,Amazfit,Amazfit Pop 3R Calling Smart Watch - Black,1,5050,5050.0,Smart Watch
S-01-12-2023-274223,Abu Sufian - 183,B.City,21228,New Devices,Samsung Mobile,Samsung,Samsung A54 5G 8/128GB Awesome Lime (New),1,36000,36000.0,Devices
S-01-12-2023-274221,Shawon - 031,B.City,23346,Outfits,Phone Camera Protector,Anank,Anank AR Circle Lens Guard for iPhone 15 Pro/15 Pro Max - Black,1,850,850.0,N|A
S-01-12-2023-274221,Shawon - 031,B.City,22809,Outfits,Phone Cover,,Spigen Ultra Hybrid Crystal Clear Case for iPhone 15 Pro Max - Crystal Clear,1,880,880.0,N|A
S-01-12-2023-274221,Shawon - 031,B.City,22887,Outfits,Phone Screen Protector,Joyroom,Joyroom Privacy Glass Protector for iPhone 15 Pro Max,1,1100,1100.0,N|A
S-01-12-2023-274221,Shawon - 031,B.City,574,Apple Accessories,Power Adapter,Apple,Apple 20W USB-C Power Adapter 2Pin (New),1,3000,3000.0,Power Tech
S-01-12-2023-274221,Shawon - 031,B.City,22882,New Devices,iPhone,Apple,iPhone 15 Pro Max 256GB Natural Titanium e-Sim (New),1,170500,170500.0,Devices
S-01-12-2023-274219,Matin - 209,JFP,23125,Outfits,Phone Camera Protector,kuzoom,Kuzoom Lens Protector for iPhone 15 Pro / 15 Pro Max - Black,1,650,650.0,N|A
S-01-12-2023-274219,Matin - 209,JFP,23279,Outfits,Phone Screen Protector,,Spigen Glas tR Slim HD for iPhone 15 Pro Max - OEM,1,1100,1100.0,N|A
S-01-12-2023-274219,Matin - 209,JFP,23714,New Devices,iPhone,Apple,iPhone 15 Pro Max 256GB Black Titanium e-Sim (New),1,169000,169000.0,Devices
S-01-12-2023-274219,Matin - 209,JFP,574,Apple Accessories,Power Adapter,Apple,Apple 20W USB-C Power Adapter 2Pin (New),1,3000,3000.0,Power Tech
S-01-12-2023-274218,Rocon - 182,Rupayan L.Tower,243,Speaker / Headphone,Airpods / Buds / Dots,Joyroom,Joyroom JR-T03S Pro TWS,1,3000,3000.0,Sound Tech
S-01-12-2023-274215,Juel - 317,M.Plaza,19757,Outfits,Phone Cover,Samsung,Samsung Galaxy S23 Ultra Smart View Wallet Case - Green,1,4400,4400.0,N|A
S-01-12-2023-274214,Mehedi - 191,TS,19743,Outfits,iPad Cover,Xundd,Xundd Smart Magnetic Flip Case for iPad Pro 12.9 inch - Black,1,2000,2000.0,N|A
S-01-12-2023-274214,Mehedi - 191,TS,3407,Laptop + iPad Accessories,Stylus/Pencil,WiWu,WiWU Pencil Pro,1,2900,2900.0,Smart Tech
S-01-12-2023-274213,Mehedi - 165,B.City,22882,New Devices,iPhone,Apple,iPhone 15 Pro Max 256GB Natural Titanium e-Sim (New),1,170500,170500.0,Devices
S-01-12-2023-274212,Ayan - 119,B.City,23341,Outfits,Phone Screen Protector,Anank,Anank 2.5D Privacy Glass Screen Protector for iPhone 15 Pro Max,1,1000,1000.0,N|A
S-01-12-2023-274212,Ayan - 119,B.City,23335,Outfits,Phone Cover,Momax,Momax CaseForm PLAY Magnetic Case for iPhone 15 Pro Max - Gray,1,1500,1500.0,N|A
S-01-12-2023-274212,Ayan - 119,B.City,574,Apple Accessories,Power Adapter,Apple,Apple 20W USB-C Power Adapter 2Pin (New),1,3000,3000.0,Power Tech
S-01-12-2023-274212,Ayan - 119,B.City,22880,New Devices,iPhone,Apple,iPhone 15 Pro Max 256GB Natural Titanium Dual Sim (New),1,170000,170000.0,Devices
S-01-12-2023-274209,Mahmud - 337,TS,22864,New Devices,Xiaomi Mobile,Xiaomi,Xiaomi Redmi Note 12 4G 8/256GB INT Onyx Gray (New),1,20200,20200.0,Devices
S-01-12-2023-274208,Abu Sufian - 183,B.City,331,New Devices,MacBook,Apple,Apple MacBook Air 13 M1 8-CPU 7-GPU 8/256GB Space Gray - MGN63 (New),1,100000,100000.0,Devices
S-01-12-2023-274207,Towshik - 245,TS,22936,Speaker / Headphone,Wireless Headphone,OnePlus,OnePlus Bullets Wireless Z2 ANC - Black,1,3700,3700.0,Sound Tech
S-01-12-2023-274206,Safayet - 163,B.City,23453,New Devices,Realme Mobile,Realme,Realme C55 6/64GB Rainy Night (New),1,15300,15000.0,Devices
S-01-12-2023-274205,Rocon - 182,Rupayan L.Tower,3729,Speaker / Headphone,Airpods / Buds / Dots,OnePlus,OnePlus Buds Z2 - Black,1,5500,5500.0,Sound Tech
S-01-12-2023-274204,Mahmud - 337,TS,6983,Outfits,Phone Screen Protector,Joyroom,Joyroom HD Glass Screen Protector for iPhone 14 Pro Max/ 15 Plus,1,850,850.0,N|A
S-01-12-2023-274204,Mahmud - 337,TS,19474,Outfits,Phone Cover,Spigen,Spigen Crystal Flex Case for iPhone 14 Pro Max - Rose Crystal - ACS04638,1,1550,1550.0,N|A
S-01-12-2023-274203,Tanver - 321,TS,6295,New Devices,Google Mobile,Google,Google Pixel 6A 5G 6/128GB Sage (New),1,39500,39400.0,Devices
S-01-12-2023-274202,Zahid - 217,B.City,22061,Outfits,Phone Cover,,Leather Protective Case with MagSafe for iPhone 14 Pro Max - Ink,1,1200,1200.0,N|A
S-01-12-2023-274202,Zahid - 217,B.City,6980,Outfits,Phone Screen Protector,Joyroom,Joyroom Privacy Glass Protector for iPhone 14 Pro Max,1,1100,1100.0,N|A
S-01-12-2023-274202,Zahid - 217,B.City,574,Apple Accessories,Power Adapter,Apple,Apple 20W USB-C Power Adapter 2Pin (New),1,3000,3000.0,Power Tech
S-01-12-2023-274202,Zahid - 217,B.City,6991,New Devices,iPhone,Apple,iPhone 14 Pro Max 128GB Deep Purple e-Sim (New),1,149500,149500.0,Devices
S-01-12-2023-274201,Mehedi - 191,TS,300,Apple Accessories,Power Adapter,Apple,Apple 12W USB Power Adapter (New),1,1600,1600.0,Power Tech
S-01-12-2023-274200,Ashish - 014,TS,7454,Speaker / Headphone,Wired Headphone,KZ,KZ EDX Pro In-Ear Earphone - 3.5mm - Cyan,1,1000,1000.0,Sound Tech
S-01-12-2023-274199,Mehedi - 191,TS,23906,Smart Watch,Smart Watch,Zeblaze,Zeblaze Vibe 7 Lite Smart Watch - Black,1,3100,3100.0,Smart Watch
S-01-12-2023-274196,Mehedi - 191,TS,7600,Speaker / Headphone,Airpods / Buds / Dots,Realme,Realme Buds T100 TWS - Black,1,2650,2650.0,Sound Tech
S-01-12-2023-274194,Omar - 316,S.Shomvar,5603,Power & Smart Tech,Power Adapter,Google,Google 30W Type-C Charger - Non Authorized (New),1,2500,2500.0,Power Tech
S-01-12-2023-274194,Omar - 316,S.Shomvar,7373,New Devices,Google Mobile,Google,Google Pixel 7 8/128GB Lemongrass (New),1,56500,56500.0,Devices
S-01-12-2023-274193,Redoy - 335,TS,5860,Power & Smart Tech,Power Adapter,Samsung,Samsung 45W USB C Wall Charger With Type C Cable 2pin - 5A/1.8M - Black,1,3900,3900.0,Power Tech
S-01-12-2023-274190,Ishmum - 322,TS,20395,Speaker / Headphone,Airpods / Buds / Dots,Qcy,QCY T13 ANC TWS - Black,1,1900,1900.0,Sound Tech
S-01-12-2023-274189,Tanver - 321,TS,20395,Speaker / Headphone,Airpods / Buds / Dots,Qcy,QCY T13 ANC TWS - Black,1,1900,1900.0,Sound Tech
S-01-12-2023-274184,Omar - 316,S.Shomvar,21503,Power & Smart Tech,Casting Device,Xiaomi,Xiaomi TV Box S 2nd Gen 4K,1,5750,5750.0,Smart Tech
S-01-12-2023-274182,Rocon - 182,Rupayan L.Tower,21835,Outfits,Phone Screen Protector,WiWu,WiWU iVista Super Hardness Glass For iPhone 13/13 Pro/14,1,800,800.0,N|A
S-01-12-2023-274182,Rocon - 182,Rupayan L.Tower,22041,Outfits,Phone Cover,,Silicone Protective Case with MagSafe for iPhone 14 - Storm Blue,1,1000,1000.0,N|A
S-01-12-2023-274180,Mehedi - 191,TS,7722,Power & Smart Tech,Power Bank,Baseus,Baseus Magnetic Mini Wireless 20W Power Bank 10000mAh - Black,1,3000,3000.0,Power Tech
S-01-12-2023-274178,Abu Sufian - 183,B.City,20174,Outfits,Phone Screen Protector,Mohave,Mohave Premium Screen Protector film with Installation Box for Galaxy S22 Ultra/ S23 Ultra,1,1500,1500.0,N|A
S-01-12-2023-274178,Abu Sufian - 183,B.City,23263,Outfits,Phone Cover,,Spigen Ultra Hybrid Case for Galaxy S23 Ultra - OEM - Purple,1,1000,1000.0,N|A
S-01-12-2023-274178,Abu Sufian - 183,B.City,1393,Power & Smart Tech,Power Adapter,Samsung,Samsung 25W USB C Wall Charger 3Pin - Black,1,2000,2000.0,Power Tech
S-01-12-2023-274178,Abu Sufian - 183,B.City,19852,New Devices,Samsung Mobile,Samsung,Samsung S23 Ultra 5G 12/256GB Phantom Black Dual Sim SD (New),1,107000,107000.0,Devices
S-01-12-2023-274177,Shawon - 031,B.City,21228,New Devices,Samsung Mobile,Samsung,Samsung A54 5G 8/128GB Awesome Lime (New),1,36000,36000.0,Devices
S-01-12-2023-274170,Rocon - 182,Rupayan L.Tower,6848,Outfits,Macbook Screen Protector,WiWu,WiWu Screen Protector for MacBook Air - 13.6 inch,1,1200,1200.0,N|A
S-01-12-2023-274170,Rocon - 182,Rupayan L.Tower,6846,Outfits,Macbook Cover,WiWu,WiWU iShield Ultra Thin Hard Shell Case for MacBook Air - 13.6 inch - Transparent,1,1850,1850.0,N|A
S-01-12-2023-274170,Rocon - 182,Rupayan L.Tower,21939,New Devices,MacBook,Apple,Apple MacBook Air 13.6'' M2 8-CPU 8-GPU 8/256GB Silver - MLXY3 (New),1,129500,129500.0,Devices
S-01-12-2023-274169,Ismail - 250,M.Plaza,22936,Speaker / Headphone,Wireless Headphone,OnePlus,OnePlus Bullets Wireless Z2 ANC - Black,1,3700,3700.0,Sound Tech
S-01-12-2023-274168,Towshik - 245,TS,19940,Speaker / Headphone,Speaker,Oraimo,Oraimo Boom Portable Wireless Speaker OBS-75D,1,5800,5800.0,Sound Tech
S-01-12-2023-274166,Omar - 316,S.Shomvar,22088,Outfits,Phone Screen Protector,K-Doo,KZDOO Anti-Dust Full Glass Film for iPhone 13/13 Pro/14,1,750,750.0,N|A
S-01-12-2023-274164,Shawon - 031,B.City,21264,New Devices,Samsung Mobile,Samsung,Samsung A34 5G 8/128GB Awesome Lime Dual Sim (New),1,29500,29500.0,Devices
S-01-12-2023-274163,Arif - 007,B.City,22880,New Devices,iPhone,Apple,iPhone 15 Pro Max 256GB Natural Titanium Dual Sim (New),1,170500,170500.0,Devices
S-01-12-2023-274162,Mehedi - 191,TS,7700,Outfits,Smart Watch Strap / Belt,,Smart Watch Strap Elegant Leather Loop - 42/44/45/49mm - Prairie Brown,1,550,550.0,N|A
S-01-12-2023-274161,Safayet - 163,B.City,23104,Used Devices,Google Mobile - Used,Google,Google Pixel 5A 5G 6/128GB Green (Used),1,22000,22000.0,N|A
S-01-12-2023-274160,Mehedi - 191,TS,23095,Laptop + iPad Accessories,Keyboard,Coteetci,Coteci Portable Bluetooth Smart Keyboard with Touch Pad - Black,1,2000,2000.0,Smart Tech
S-01-12-2023-274157,Mehedi - 165,B.City,956,Outfits,TAB Screen Protector,,N.G Glass Protector for Tab S6 Lite,1,500,500.0,N|A
S-01-12-2023-274157,Mehedi - 165,B.City,19935,New Devices,Samsung Tab,Samsung,Samsung TAB S6 Lite 2022 4/64GB WiFi Oxford Gray (New) - SM-P613,1,34000,34000.0,Devices
S-01-12-2023-274155,Omar - 316,S.Shomvar,21165,New Devices,Xiaomi Mobile,Xiaomi,Xiaomi Redmi Note 12 4G 8/128GB INT Onyx Gray (New),1,19800,19800.0,Devices
S-01-12-2023-274151,Ashish - 014,TS,21858,New Devices,Nokia Mobile,Nokia,Nokia 6310 Dual Sim - Black,1,6000,6000.0,Devices
S-01-12-2023-274150,Shawon - 031,B.City,7997,Speaker / Headphone,Wireless Headphone,Realme,Realme Buds Wireless 2S - Black,1,2000,2000.0,Sound Tech
S-01-12-2023-274150,Shawon - 031,B.City,5603,Power & Smart Tech,Power Adapter,Google,Google 30W Type-C Charger - Non Authorized (New),1,2500,2500.0,Power Tech
S-01-12-2023-274150,Shawon - 031,B.City,7623,New Devices,Google Mobile,Google,Google Pixel 7 8/128GB Snow (New),1,55500,55500.0,Devices
S-01-12-2023-274149,Safayet - 163,B.City,20687,New Devices,Samsung Mobile,Samsung,Samsung A54 5G 8/128GB Awesome Graphite (New),1,36000,36000.0,Devices
S-01-12-2023-274147,Mahmud - 337,TS,2843,Apple Accessories,Gift Card,Apple,Apple Gift Card $10 - Physical Card,1,1500,1500.0,N|A
S-01-12-2023-274146,Bappy - 336,TS,21222,Outfits,Phone Cover,Xundd,Xundd Bumper Case for Realme 10 Pro+ - Black,1,600,600.0,N|A
S-01-12-2023-274146,Bappy - 336,TS,22489,Outfits,Phone Screen Protector,,UV Glass Protector for realme 10 Pro+,1,500,500.0,N|A
S-01-12-2023-274146,Bappy - 336,TS,23504,New Devices,Realme Mobile,Realme,Realme 10 Pro+ 5G 8/256GB Hyperspace Gold (New),1,33500,33500.0,Devices
S-01-12-2023-274145,Abu Sufian - 183,B.City,21939,New Devices,MacBook,Apple,Apple MacBook Air 13.6'' M2 8-CPU 8-GPU 8/256GB Silver - MLXY3 (New),1,129500,129500.0,Devices
S-01-12-2023-274144,Matin - 209,JFP,22740,New Devices,Oppo Mobile,Oppo,Oppo A78 8/256GB Aqua Green (New),1,26400,26400.0,Devices
S-01-12-2023-274143,Ridwan-319,JFP,22067,Outfits,Phone Cover,K-Doo,KZDOO Guardian Case for iPhone 14 - Black,1,550,550.0,N|A
S-01-12-2023-274143,Ridwan-319,JFP,7026,New Devices,iPhone,Apple,iPhone 14 128GB Midnight e-Sim (New),1,95000,95000.0,Devices
S-01-12-2023-274142,Ashish - 014,TS,912,Apple Accessories,Data Cable,Apple,Apple USB-C to Lightning Cable 1m - Non Authorized (New),1,1600,1600.0,Power Tech
S-01-12-2023-274142,Ashish - 014,TS,569,Apple Accessories,Power Adapter,Apple,Apple 20W USB-C Power Adapter 3Pin (New),1,3000,3000.0,Power Tech
S-01-12-2023-274141,Ayan - 119,B.City,7279,Power & Smart Tech,Power Adapter,Samsung,Samsung 45W USB C Wall Charger With Type C Cable 3pin - 5A/1.8M - Black,1,3900,3900.0,Power Tech
S-01-12-2023-274141,Ayan - 119,B.City,19852,New Devices,Samsung Mobile,Samsung,Samsung S23 Ultra 5G 12/256GB Phantom Black Dual Sim SD (New),1,107000,107000.0,Devices
S-01-12-2023-274140,Matin - 209,JFP,3101,Smart Watch,Smart Watch,Samsung,Samsung Watch4 Classic 46mm - Black - SM-R890 (New),1,22500,22500.0,Smart Watch
S-01-12-2023-274121,Safayet - 163,B.City,897,Apple Accessories,Wireless Charger,Apple,Apple MagSafe Charger (New),1,4500,4500.0,Power Tech
S-01-12-2023-274120,Shawon - 031,B.City,6980,Outfits,Phone Screen Protector,Joyroom,Joyroom Privacy Glass Protector for iPhone 14 Pro Max,1,1000,1000.0,N|A
S-01-12-2023-274119,Munna - 053,JFP,1738,Outfits,Macbook Screen Protector,WiWu,WiWu Screen Protector for MacBook Air/Pro - M1 & Pro - M2 - 13 inch,1,1000,1000.0,N|A
S-01-12-2023-274119,Munna - 053,JFP,23341,Outfits,Phone Screen Protector,Anank,Anank 2.5D Privacy Glass Screen Protector for iPhone 15 Pro Max,1,1000,1000.0,N|A
S-01-12-2023-274119,Munna - 053,JFP,574,Apple Accessories,Power Adapter,Apple,Apple 20W USB-C Power Adapter 2Pin (New),1,3000,3000.0,Power Tech
S-01-12-2023-274119,Munna - 053,JFP,22882,New Devices,iPhone,Apple,iPhone 15 Pro Max 256GB Natural Titanium e-Sim (New),1,170000,170000.0,Devices
S-01-12-2023-274118,Ayan - 119,B.City,23346,Outfits,Phone Camera Protector,Anank,Anank AR Circle Lens Guard for iPhone 15 Pro/15 Pro Max - Black,1,850,850.0,N|A
S-01-12-2023-274118,Ayan - 119,B.City,23341,Outfits,Phone Screen Protector,Anank,Anank 2.5D Privacy Glass Screen Protector for iPhone 15 Pro Max,1,1050,1050.0,N|A
S-01-12-2023-274118,Ayan - 119,B.City,23860,Outfits,Phone Cover,SwitchEasy,SwitchEasy 0.35 Ultra Slim Case for iPhone 15 Pro Max - Transparent Black,1,1000,1000.0,N|A
S-01-12-2023-274117,Arif - 007,B.City,23526,Outfits,Phone Cover,Jmgokit,JMGOKIT Matte Acrylic Hard Case with MagSafe for iPhone 15 Pro - Gray,1,850,850.0,N|A
S-01-12-2023-274116,Towshik - 245,TS,21291,Outfits,iPad Screen Protector,WiWu,WiWu Paperlike Screen Protector for iPad 10.2 inch,1,1000,1000.0,N|A
S-01-12-2023-274115,Mehedi - 165,B.City,23261,Outfits,Phone Cover,,Spigen Ultra Hybrid Case for Galaxy S23 Ultra - OEM - Crystal Clear,1,880,880.0,N|A
S-01-12-2023-274115,Mehedi - 165,B.City,1393,Power & Smart Tech,Power Adapter,Samsung,Samsung 25W USB C Wall Charger 3Pin - Black,1,2000,2000.0,Power Tech
S-01-12-2023-274115,Mehedi - 165,B.City,19749,New Devices,Samsung Mobile,Samsung,Samsung S23 Ultra 5G 12/256GB Green Dual Sim SD (New),1,107000,107000.0,Devices
S-01-12-2023-274114,Zahid - 217,B.City,5616,Power & Smart Tech,Power Adapter,Anker,Anker PowerPort III 20W Cube,1,1150,1150.0,Power Tech
S-01-12-2023-274114,Zahid - 217,B.City,1024,Used Devices,iPhone - Used,Apple,iPhone 11 64GB Purple e-Sim (Used),1,42000,42000.0,Devices
S-01-12-2023-274107,Omar - 316,S.Shomvar,23260,Outfits,Phone Cover,,Doyers Protective Case with MagSafe for Galaxy S23 Ultra - Purple,1,550,550.0,N|A
S-01-12-2023-274107,Omar - 316,S.Shomvar,19869,Outfits,Phone Screen Protector,kuzoom,Kuzoom UV Glass Protector for Samsung S23 Ultra,1,1000,1000.0,N|A
S-01-12-2023-274107,Omar - 316,S.Shomvar,5860,Power & Smart Tech,Power Adapter,Samsung,Samsung 45W USB C Wall Charger With Type C Cable 2pin - 5A/1.8M - Black,1,3900,3900.0,Power Tech
S-01-12-2023-274107,Omar - 316,S.Shomvar,21695,New Devices,Samsung Mobile,Samsung,Samsung S23 Ultra 5G 8/256GB Phantom Black Dual Sim SD (New),1,101000,101000.0,Devices
S-01-12-2023-274105,Ishmum - 322,TS,314,Apple Accessories,Wired Headphone,Apple,Apple EarPods with 3.5mm Headphone Plug - Non Authorized (New),1,1500,1500.0,Sound Tech
S-01-12-2023-274104,Tanver - 321,TS,21295,New Devices,Xiaomi Mobile,Xiaomi,Xiaomi Redmi Note 12 4G 8/128GB INT Mint Green (New),1,19800,19800.0,Devices
S-01-12-2023-274101,Ashish - 014,TS,22511,Outfits,TAB Cover,Xiaomi,Xiaomi Pad 6 Case Magnetic Double-Sided Protection - Black,1,2200,2200.0,N|A
S-01-12-2023-274101,Ashish - 014,TS,22782,Outfits,TAB Screen Protector,,N.G Glass Protector for Xiaomi Pad 6/6 Pro,1,700,700.0,N|A
S-01-12-2023-274100,Sakib - 334,TS,569,Apple Accessories,Power Adapter,Apple,Apple 20W USB-C Power Adapter 3Pin (New),1,3000,3000.0,Power Tech
S-01-12-2023-274099,Shawon - 031,B.City,912,Apple Accessories,Data Cable,Apple,Apple USB-C to Lightning Cable 1m - Non Authorized (New),1,1600,1600.0,Power Tech
S-01-12-2023-274099,Shawon - 031,B.City,574,Apple Accessories,Power Adapter,Apple,Apple 20W USB-C Power Adapter 2Pin (New),1,3000,3000.0,Power Tech
S-01-12-2023-274097,Azizul - 223,TS,4511,Power & Smart Tech,Wireless Charger,WiWu,WiWU Power Air 3 in 1 Desktop Wireless Charger Mobile Phone Stand 15W,1,2600,2600.0,Power Tech
S-01-12-2023-274096,Ridwan-319,JFP,2573,Outfits,Polly / Sticker,,Clear Polly (7''),1,300,300.0,N|A
S-01-12-2023-274096,Ridwan-319,JFP,21359,Outfits,Phone Cover,Xundd,Xundd Bumper Case for Galaxy S23,1,600,600.0,N|A
S-01-12-2023-274096,Ridwan-319,JFP,20920,New Devices,Samsung Mobile,Samsung,Samsung S23 5G 8/256GB Phantom Black Dual Sim SD (New),1,81000,81000.0,Devices
S-01-12-2023-274096,Ridwan-319,JFP,5358,Power & Smart Tech,Power Adapter,Samsung,Samsung 25W USB-C Wall Charger 2Pin - Black,1,2000,2000.0,Power Tech
S-01-12-2023-274095,Abu Sufian - 183,B.City,21228,New Devices,Samsung Mobile,Samsung,Samsung A54 5G 8/128GB Awesome Lime (New),1,36000,36000.0,Devices
S-01-12-2023-274095,Abu Sufian - 183,B.City,21738,Outfits,Phone Cover,Xundd,Xundd Bumper Case for Galaxy A54,1,600,600.0,N|A
S-01-12-2023-274094,Mehedi - 191,TS,21469,Smart Watch,Smart Watch,Xiaomi,Mi Smart Band 8 - Black,2,4150,8300.0,Smart Watch
S-01-12-2023-274093,Arif - 007,B.City,23338,Outfits,Phone Screen Protector,Anank,Anank 2.5D Anti-Blue Glass Screen Protector for iPhone 15 Pro Max,1,1200,1200.0,N|A
S-01-12-2023-274093,Arif - 007,B.City,23817,Outfits,Phone Camera Protector,kuzoom,Kuzoom Lens Protector for iPhone 15 Pro / 15 Pro Max - Natural,1,700,700.0,N|A
S-01-12-2023-274093,Arif - 007,B.City,22808,Outfits,Phone Cover,Momax,Momax CaseForm PLAY Magnetic Case for iPhone 15 Pro Max - Transparent,1,1500,1500.0,N|A
S-01-12-2023-274093,Arif - 007,B.City,574,Apple Accessories,Power Adapter,Apple,Apple 20W USB-C Power Adapter 2Pin (New),1,3000,3000.0,Power Tech
S-01-12-2023-274093,Arif - 007,B.City,22882,New Devices,iPhone,Apple,iPhone 15 Pro Max 256GB Natural Titanium e-Sim (New),1,170500,170500.0,Devices
S-01-12-2023-274091,Mehedi - 191,TS,243,Speaker / Headphone,Airpods / Buds / Dots,Joyroom,Joyroom JR-T03S Pro TWS,1,3000,3000.0,Sound Tech
S-01-12-2023-274090,Ishmum - 322,TS,21503,Power & Smart Tech,Casting Device,Xiaomi,Xiaomi TV Box S 2nd Gen 4K,1,5750,5750.0,Smart Tech
S-01-12-2023-274088,Zahid - 217,B.City,574,Apple Accessories,Power Adapter,Apple,Apple 20W USB-C Power Adapter 2Pin (New),1,3000,3000.0,Power Tech
S-01-12-2023-274086,Munna - 053,JFP,22400,Power & Smart Tech,Data Cable,Google,Google 30w Data Cable Type-C to Type-C - White - Non Authorized (New),1,700,700.0,Power Tech
S-01-12-2023-274086,Munna - 053,JFP,19858,Power & Smart Tech,Power Adapter,Anker,Anker 511 Charger Nano 3 - 30W - White,1,1650,1650.0,Power Tech
S-01-12-2023-274086,Munna - 053,JFP,23104,Used Devices,Google Mobile - Used,Google,Google Pixel 5A 5G 6/128GB Green (Used),1,22000,22000.0,N|A
S-01-12-2023-274083,Shawon - 031,B.City,23824,Outfits,iPad Cover,WiWu,WiWU Classic II Case for iPad - 10.9/11 inch - Black,1,1800,1800.0,N|A
S-01-12-2023-274083,Shawon - 031,B.City,23830,Outfits,iPad Screen Protector,WiWu,WiWu iVista Super Hardness Glass for iPad 10.9/11 inch,1,1500,1500.0,N|A
S-01-12-2023-274083,Shawon - 031,B.City,22945,Apple Accessories,Wired Headphone,Apple,Apple EarPods with Type-C Connector - Apple Authorized (New),1,3200,3200.0,Sound Tech
S-01-12-2023-274083,Shawon - 031,B.City,22606,Laptop + iPad Accessories,Stylus/Pencil,Anker,Anker Pencil Capacitive Stylus Pen A7139 - White,1,2300,2300.0,Smart Tech
S-01-12-2023-274083,Shawon - 031,B.City,19328,New Devices,iPad,Apple,iPad Pro M2 11 128GB WiFi+Cellular Space Gray (New),1,113000,113000.0,Devices
S-01-12-2023-274082,Safayet - 163,B.City,7288,Apple Accessories,Smart Watch,Apple,Apple Watch Series 8 41mm Midnight (New),1,38000,38000.0,Smart Watch
S-01-12-2023-274080,Mehedi - 165,B.City,23831,Outfits,Macbook Cover,WiWu,WiWU Keyboard Protector for MacBook - Air 13.3inch 2020,1,750,750.0,N|A
S-01-12-2023-274080,Mehedi - 165,B.City,19887,Outfits,BagPack and Pouch,WiWu,WiWu Pilot Laptop Sleeve for Macbook Pro 13 inch - Gray,1,1450,1450.0,N|A
S-01-12-2023-274080,Mehedi - 165,B.City,331,New Devices,MacBook,Apple,Apple MacBook Air 13 M1 8-CPU 7-GPU 8/256GB Space Gray - MGN63 (New),1,100000,100000.0,Devices
S-01-12-2023-274078,Ismail - 250,M.Plaza,23893,Outfits,Phone Cover,HDD,HDD HBC-167 Granada Series MagSafe Case for Galaxy S23 Ultra - Brown,1,1250,1250.0,N|A
S-01-12-2023-274077,Mehedi - 191,TS,3729,Speaker / Headphone,Airpods / Buds / Dots,OnePlus,OnePlus Buds Z2 - Black,1,5500,5500.0,Sound Tech
S-01-12-2023-274077,Mehedi - 191,TS,4386,Outfits,Airpods Case,,Silicon Case for Oneplus Buds Z2 Black,1,300,300.0,N|A
S-01-12-2023-274076,Rocon - 182,Rupayan L.Tower,21846,Outfits,BagPack and Pouch,WiWu,WiWu Minimalist Laptop Bag for Macbook Pro / Air 14 inch - Gray,1,1400,1400.0,N|A
S-01-12-2023-274075,Safayet - 163,B.City,22110,Outfits,iPad Cover,Levelo,Levelo Leather Flip Case for iPad 12.9 inch - Night Green,1,2000,2000.0,N|A
S-01-12-2023-274074,Mehedi - 191,TS,2843,Apple Accessories,Gift Card,Apple,Apple Gift Card $10 - Physical Card,2,1500,3000.0,N|A
S-01-12-2023-274073,Abu Sufian - 183,B.City,20174,Outfits,Phone Screen Protector,Mohave,Mohave Premium Screen Protector film with Installation Box for Galaxy S22 Ultra/ S23 Ultra,1,1500,1500.0,N|A
S-01-12-2023-274073,Abu Sufian - 183,B.City,19858,Power & Smart Tech,Power Adapter,Anker,Anker 511 Charger Nano 3 - 30W - White,1,1650,1650.0,Power Tech
S-01-12-2023-274073,Abu Sufian - 183,B.City,20054,New Devices,Samsung Mobile,Samsung,Samsung S23 Ultra 5G 8/256GB Lavender Dual Sim SD (New),1,101000,101000.0,Devices
S-01-12-2023-274071,Jubayer-313,JFP,22834,New Devices,Laptop,HP,Hp Victus fb1013dx 15.6 AMD R5 7535HS NVIDIA RTX 2050 8/512GB - Black (New),1,92500,92500.0,N|A
S-01-12-2023-274068,Juel - 317,M.Plaza,21914,Outfits,Phone Screen Protector,,5D Glass for Samsung A34/A24,1,400,400.0,N|A
S-01-12-2023-274067,Juel - 317,M.Plaza,574,Apple Accessories,Power Adapter,Apple,Apple 20W USB-C Power Adapter 2Pin (New),1,3000,3000.0,Power Tech
S-01-12-2023-274067,Juel - 317,M.Plaza,23341,Outfits,Phone Screen Protector,Anank,Anank 2.5D Privacy Glass Screen Protector for iPhone 15 Pro Max,1,1100,1100.0,N|A
S-01-12-2023-274065,Tanver - 321,TS,23874,New Devices,Google Mobile,Google,Google Pixel 3 XL 4/64GB Clearly White (New),1,22000,22000.0,Devices
S-01-12-2023-274065,Tanver - 321,TS,3471,Outfits,Phone Screen Protector,,5D Glass for Google Pixel 3XL,1,400,400.0,N|A
S-01-12-2023-274065,Tanver - 321,TS,2573,Outfits,Polly / Sticker,,Clear Polly (7''),1,200,200.0,N|A
S-01-12-2023-274064,Ayan - 119,B.City,23337,Outfits,Phone Screen Protector,Anank,Anank 2.5D Anti-Blue Glass Screen Protector for iPhone 15 Pro,1,1050,1050.0,N|A
S-01-12-2023-274064,Ayan - 119,B.City,23002,Outfits,Phone Cover,SwitchEasy,SwitchEasy MagCrush MagSafe Shockproof Clear Case for iPhone 15 Pro - Transparent,1,1600,1600.0,N|A
S-01-12-2023-274062,Juel - 317,M.Plaza,22882,New Devices,iPhone,Apple,iPhone 15 Pro Max 256GB Natural Titanium e-Sim (New),1,170500,170500.0,Devices
S-01-12-2023-274061,Shawon - 031,B.City,23549,Outfits,Phone Cover,Magic mask,Magic Mask Air Bairrer Crystal Case for iPhone 15 - Transparent,1,600,600.0,N|A
S-01-12-2023-274061,Shawon - 031,B.City,23342,Outfits,Phone Screen Protector,Anank,Anank 3D Curved Clear Screen Protector for iPhone 15,1,750,750.0,N|A
S-01-12-2023-274061,Shawon - 031,B.City,574,Apple Accessories,Power Adapter,Apple,Apple 20W USB-C Power Adapter 2Pin (New),1,3000,3000.0,Power Tech
S-01-12-2023-274061,Shawon - 031,B.City,23032,New Devices,iPhone,Apple,iPhone 15 128GB Green Dual Sim (New),1,112000,112000.0,Devices
S-01-12-2023-274060,Abu Sufian - 183,B.City,23664,Outfits,Phone Cover,,AirPocket Protective Case for iPhone 15 Pro Max - Deep Blue,1,850,850.0,N|A
S-01-12-2023-274060,Abu Sufian - 183,B.City,574,Apple Accessories,Power Adapter,Apple,Apple 20W USB-C Power Adapter 2Pin (New),1,3000,3000.0,Power Tech
S-01-12-2023-274060,Abu Sufian - 183,B.City,23346,Outfits,Phone Camera Protector,Anank,Anank AR Circle Lens Guard for iPhone 15 Pro/15 Pro Max - Black,1,850,850.0,N|A
S-01-12-2023-274060,Abu Sufian - 183,B.City,23338,Outfits,Phone Screen Protector,Anank,Anank 2.5D Anti-Blue Glass Screen Protector for iPhone 15 Pro Max,1,1050,1050.0,N|A
S-01-12-2023-274059,Safayet - 163,B.City,23338,Outfits,Phone Screen Protector,Anank,Anank 2.5D Anti-Blue Glass Screen Protector for iPhone 15 Pro Max,1,1100,1100.0,N|A
S-01-12-2023-274058,Shawon - 031,B.City,4686,Speaker / Headphone,Wireless Headphone,Anker,Anker Soundcore R500 Bluetooth Headset - Blue,1,2000,2000.0,Sound Tech
S-01-12-2023-274054,Zahid - 217,B.City,23345,Outfits,Phone Camera Protector,Anank,Anank AR Circle Lens Guard for iPhone 15 Pro/15 Pro Max - Blue,1,850,850.0,N|A
S-01-12-2023-274054,Zahid - 217,B.City,23635,Outfits,Phone Cover,,Silicone Case With MagSafe for iPhone 15 Pro - Guava,1,1200,1200.0,N|A
S-01-12-2023-274054,Zahid - 217,B.City,23337,Outfits,Phone Screen Protector,Anank,Anank 2.5D Anti-Blue Glass Screen Protector for iPhone 15 Pro,1,1050,1050.0,N|A
S-01-12-2023-274054,Zahid - 217,B.City,574,Apple Accessories,Power Adapter,Apple,Apple 20W USB-C Power Adapter 2Pin (New),1,3000,3000.0,Power Tech
S-01-12-2023-274053,Ayan - 119,B.City,23817,Outfits,Phone Camera Protector,kuzoom,Kuzoom Lens Protector for iPhone 15 Pro / 15 Pro Max - Natural,1,800,800.0,N|A
S-01-12-2023-274052,Munna - 053,JFP,22795,New Devices,Cat Mobile,CAT,Cat S22 Flip 2/16GB (New),1,8500,8500.0,N|A
S-01-12-2023-274050,Abu Sufian - 183,B.City,5579,Used Devices,iPhone - Used,Apple,iPhone 12 64GB Black e-Sim (Used),1,54000,54000.0,Devices
S-01-12-2023-274048,Zahid - 217,B.City,23337,Outfits,Phone Screen Protector,Anank,Anank 2.5D Anti-Blue Glass Screen Protector for iPhone 15 Pro,1,1050,1050.0,N|A
S-01-12-2023-274046,Shimul-320,JFP,20784,Smart Watch,Smart Watch,Kospet,KOSPET TANK T2 Smartwatch - Silver,1,5300,5300.0,Smart Watch
S-01-12-2023-274045,Tanver - 321,TS,569,Apple Accessories,Power Adapter,Apple,Apple 20W USB-C Power Adapter 3Pin (New),1,3000,3000.0,Power Tech
S-01-12-2023-274045,Tanver - 321,TS,2786,Outfits,iPad Screen Protector,Anank,Anank 3D Tempered Glass Pro 9H for iPad Pro 12.9 inch,1,1500,1500.0,N|A
S-01-12-2023-274044,Zahid - 217,B.City,2293,Outfits,Macbook Cover,WiWu,WiWU iShield Ultra Thin Hard Shell Case for MacBook Air - 13.3 inch - Black,1,1850,1850.0,N|A
S-01-12-2023-274040,Abu Sufian - 183,B.City,5616,Power & Smart Tech,Power Adapter,Anker,Anker PowerPort III 20W Cube,1,1150,1150.0,Power Tech
S-01-12-2023-274038,Uzzal - 166,B.City,5616,Power & Smart Tech,Power Adapter,Anker,Anker PowerPort III 20W Cube,1,1150,1150.0,Power Tech
S-01-12-2023-274033,Arif - 007,B.City,22069,Outfits,Phone Cover,K-Doo,KZDOO Guardian Case for iPhone 14 - Blue,1,550,550.0,N|A
S-01-12-2023-274032,Ayan - 119,B.City,23817,Outfits,Phone Camera Protector,kuzoom,Kuzoom Lens Protector for iPhone 15 Pro / 15 Pro Max - Natural,1,800,800.0,N|A
S-01-12-2023-274032,Ayan - 119,B.City,23338,Outfits,Phone Screen Protector,Anank,Anank 2.5D Anti-Blue Glass Screen Protector for iPhone 15 Pro Max,1,1100,1100.0,N|A
S-01-12-2023-274032,Ayan - 119,B.City,22808,Outfits,Phone Cover,Momax,Momax CaseForm PLAY Magnetic Case for iPhone 15 Pro Max - Transparent,1,1500,1500.0,N|A
S-01-12-2023-274032,Ayan - 119,B.City,22882,New Devices,iPhone,Apple,iPhone 15 Pro Max 256GB Natural Titanium e-Sim (New),1,170500,170500.0,Devices
S-01-12-2023-274029,Abu Sufian - 183,B.City,574,Apple Accessories,Power Adapter,Apple,Apple 20W USB-C Power Adapter 2Pin (New),1,3000,3000.0,Power Tech
S-01-12-2023-274028,Zahid - 217,B.City,22534,Used Devices,Samsung Mobile - Used,Samsung,Samsung Note20 Ultra 5G 12/128GB Mystic Black Single Sim SD (Used),1,40000,40000.0,N|A
S-01-12-2023-274027,Ridwan-319,JFP,23338,Outfits,Phone Screen Protector,Anank,Anank 2.5D Anti-Blue Glass Screen Protector for iPhone 15 Pro Max,1,1100,1100.0,N|A
S-01-12-2023-274027,Ridwan-319,JFP,23125,Outfits,Phone Camera Protector,kuzoom,Kuzoom Lens Protector for iPhone 15 Pro / 15 Pro Max - Black,1,650,650.0,N|A
S-01-12-2023-274027,Ridwan-319,JFP,22882,New Devices,iPhone,Apple,iPhone 15 Pro Max 256GB Natural Titanium e-Sim (New),1,171500,171500.0,Devices
S-01-12-2023-274025,Arif - 007,B.City,22210,New Devices,Google Mobile - Renewed,Google,Google Pixel 3A XL 4/64GB Clearly White (Renewed),1,16500,16500.0,N|A
S-01-12-2023-274024,Ashish - 014,TS,303,Apple Accessories,Power Adapter,Apple,Apple 30W USB-C Power Adapter (New),1,3500,3500.0,Power Tech
S-01-12-2023-274023,Sakib - 334,TS,316,Apple Accessories,Audio Converter,Apple,Apple Lightning to 3.5mm Headphone Jack Adapter (New),1,1800,1800.0,Smart Tech
S-01-12-2023-274022,Ayan - 119,B.City,21899,New Devices,Realme Mobile,Realme,Realme 11 Pro+ 5G 8/256GB Oasis Green (New),1,38700,38700.0,Devices
S-01-12-2023-274021,Zahid - 217,B.City,23798,New Devices,Xiaomi Mobile,Xiaomi,Xiaomi Redmi 12 4/128GB IND Pastel Blue (New),1,14000,14000.0,Devices
S-01-12-2023-274021,Zahid - 217,B.City,22836,New Devices,Xiaomi Mobile,Xiaomi,Xiaomi Redmi Note 12 4G 8/256GB INT Mint Green (New),1,20200,20200.0,Devices
S-01-12-2023-274020,Shimul-320,JFP,5603,Power & Smart Tech,Power Adapter,Google,Google 30W Type-C Charger - Non Authorized (New),1,2500,2500.0,Power Tech
S-01-12-2023-274019,Ashish - 014,TS,23020,Outfits,Phone Cover,,Silicone Case with MagSafe for iPhone 15 Pro Max - Storm Blue,1,1200,1200.0,N|A
S-01-12-2023-274018,Mehedi - 165,B.City,22381,Speaker / Headphone,Airpods / Buds / Dots,Qcy,QCY ArcBuds HT07 - Black,1,2200,2200.0,Sound Tech
S-01-12-2023-274015,Matin - 209,JFP,20174,Outfits,Phone Screen Protector,Mohave,Mohave Premium Screen Protector film with Installation Box for Galaxy S22 Ultra/ S23 Ultra,1,1500,1500.0,N|A
S-01-12-2023-274015,Matin - 209,JFP,19749,New Devices,Samsung Mobile,Samsung,Samsung S23 Ultra 5G 12/256GB Green Dual Sim SD (New),1,107000,107000.0,Devices
S-01-12-2023-274015,Matin - 209,JFP,7279,Power & Smart Tech,Power Adapter,Samsung,Samsung 45W USB C Wall Charger With Type C Cable 3pin - 5A/1.8M - Black,1,3900,3900.0,Power Tech
S-01-12-2023-274013,Shuvo - 024,TS,20,Speaker / Headphone,Wired Headphone,OnePlus,OnePlus Bullets Earphones - Type-C,1,1460,1460.0,Sound Tech
S-01-12-2023-274009,Shawon - 031,B.City,23342,Outfits,Phone Screen Protector,Anank,Anank 3D Curved Clear Screen Protector for iPhone 15,1,750,750.0,N|A
S-01-12-2023-274009,Shawon - 031,B.City,574,Apple Accessories,Power Adapter,Apple,Apple 20W USB-C Power Adapter 2Pin (New),1,3000,3000.0,Power Tech
S-01-12-2023-274009,Shawon - 031,B.City,3537,New Devices,iPhone,Apple,iPhone 13 128GB Pink e-Sim (New),1,78500,78500.0,Devices
S-01-12-2023-274008,Abu Sufian - 183,B.City,23133,Outfits,Phone Cover,,Spigen Ultra Hybrid MagFit Case for iPhone 15 Pro Max - Crystal Clear,1,900,900.0,N|A
S-01-12-2023-274004,Ridwan-319,JFP,3824,New Devices,Samsung Tab,Samsung,Samsung Tab A7 Lite 3/32GB LTE Gray (New) - SM-T225,1,18000,18000.0,Devices
S-01-12-2023-274001,Ayan - 119,B.City,23346,Outfits,Phone Camera Protector,Anank,Anank AR Circle Lens Guard for iPhone 15 Pro/15 Pro Max - Black,1,850,850.0,N|A
S-01-12-2023-274001,Ayan - 119,B.City,23339,Outfits,Phone Screen Protector,Anank,Anank 2.5D Privacy Glass Screen Protector for iPhone 15,1,1100,1100.0,N|A
S-01-12-2023-274001,Ayan - 119,B.City,22945,Apple Accessories,Wired Headphone,Apple,Apple EarPods with Type-C Connector - Apple Authorized (New),1,3200,3200.0,Sound Tech
S-01-12-2023-274001,Ayan - 119,B.City,574,Apple Accessories,Power Adapter,Apple,Apple 20W USB-C Power Adapter 2Pin (New),1,3000,3000.0,Power Tech
S-01-12-2023-274001,Ayan - 119,B.City,22906,New Devices,iPhone,Apple,iPhone 15 Pro 256GB Blue Titanium e-Sim (New),1,156000,156000.0,Devices
S-01-12-2023-273998,Zahid - 217,B.City,21871,Outfits,iPad Screen Protector,WiWu,WiWu iVista Super Hardness Glass for iPad 10.2 inch,1,1500,1500.0,N|A
S-01-12-2023-273996,Uzzal - 166,B.City,21561,New Devices,Nokia Mobile,Nokia,Nokia 8210 4G Red (New),1,6050,6050.0,Devices
S-01-12-2023-273992,Mehedi - 191,TS,6948,Apple Accessories,Airpods / Buds / Dots,Apple,Apple AirPods Pro 2nd Generation (New),1,27000,27000.0,Sound Tech
S-01-12-2023-273991,Juel - 317,M.Plaza,22381,Speaker / Headphone,Airpods / Buds / Dots,Qcy,QCY ArcBuds HT07 - Black,1,2200,2200.0,Sound Tech
S-01-12-2023-273989,Mehedi - 191,TS,4429,Power & Smart Tech,Casting Device,Amazon,Amazon Fire TV Stick 4K MAX - Black,1,5700,5700.0,Smart Tech
S-01-12-2023-273987,Mehedi - 191,TS,22131,Outfits,TAB Cover,Levelo,Levelo Leather Flip Case for Galaxy Tab S6 Lite - Night Green,1,1500,1500.0,N|A
S-01-12-2023-273986,Mehedi - 165,B.City,23820,Outfits,iPad Cover,WiWu,WiWU Classic II Case for iPad - 10.2/10.5 inch - Dark Blue,1,1800,1800.0,N|A
S-01-12-2023-273986,Mehedi - 165,B.City,2785,Outfits,iPad Screen Protector,Anank,Anank 3D Tempered Glass Pro 9H for iPad 10.2 inch,1,1500,1500.0,N|A
S-01-12-2023-273986,Mehedi - 165,B.City,22606,Laptop + iPad Accessories,Stylus/Pencil,Anker,Anker Pencil Capacitive Stylus Pen A7139 - White,1,2300,2300.0,Smart Tech
S-01-12-2023-273986,Mehedi - 165,B.City,3362,New Devices,iPad,Apple,iPad 9th Gen 64GB WiFi Space Gray (New),1,39500,39500.0,Devices
S-01-12-2023-273985,Ashish - 014,TS,21085,Smart Watch,Smart Watch,Amazfit,Amazfit GTR 2 Smart Watch - New Version - Thunder Black,1,12500,12500.0,Smart Watch
S-01-12-2023-273984,Ashish - 014,TS,22902,New Devices,iPhone,Apple,iPhone 15 Pro 128GB Natural Titanium e-Sim (New),1,150000,150000.0,Devices
S-01-12-2023-273983,Tanver - 321,TS,6231,New Devices,MacBook,Apple,Apple MacBook Air 13.6'' M2 8-CPU 8-GPU 8/256GB Space Gray - MLXW3 (New),1,129500,129500.0,Devices
S-01-12-2023-273981,Azizul - 223,TS,21576,New Devices,Google Mobile,Google,Google Pixel 7a 8/128GB Sea (New),1,47500,47500.0,Devices
S-01-12-2023-273980,Ahmed - 257,TS,22648,New Devices,Xiaomi Mobile,Xiaomi,Xiaomi Redmi 11 Prime 4/64GB IND Flashy Black (New),1,13000,13000.0,Devices
S-01-12-2023-273980,Ahmed - 257,TS,22495,New Devices,Xiaomi Mobile,Xiaomi,Xiaomi Redmi 11 Prime 4/64GB IND Peppy Purple (New),1,13000,13000.0,Devices
S-01-12-2023-273979,Mahmud - 337,TS,1972,Speaker / Headphone,Audio Converter,Samsung,Samsung USB-C to 3.5mm Headphone Jack Adapter (New) - White,1,1500,1500.0,Smart Tech
S-01-12-2023-273977,Ashish - 014,TS,2315,Power & Smart Tech,Power Bank,Baseus,Baseus Bipow Digital Display 20W Power Bank 20000mAh - Black,2,2250,4500.0,Power Tech
S-01-12-2023-273974,Zahid - 217,B.City,20284,Laptop + iPad Accessories,Stylus/Pencil,Baseus,Baseus PS011 Smooth Writing 2 Series Stylus with LED Indicator - Active + Passive - White,1,3000,3000.0,Smart Tech
S-01-12-2023-273973,Safayet - 163,B.City,2285,Outfits,Macbook Cover,WiWu,WiWU Skin Pro II for MacBook Air - 13 inch - Brown,1,2200,2200.0,N|A
S-01-12-2023-273968,Mehedi - 191,TS,20784,Smart Watch,Smart Watch,Kospet,KOSPET TANK T2 Smartwatch - Silver,1,5300,5300.0,Smart Watch
S-01-12-2023-273967,Shawon - 031,B.City,22673,Used Devices,MacBook - Used,Apple,Apple MacBook Air 13.6'' M2 8-CPU 8-GPU 8/256GB Starlight - MLY13 (Used),1,115000,115000.0,N|A
S-01-12-2023-273966,Zahid - 217,B.City,22035,Outfits,Phone Cover,,Silicone Protective Case with MagSafe for iPhone 14 - Midnight,1,1000,1000.0,N|A
S-01-12-2023-273966,Zahid - 217,B.City,574,Apple Accessories,Power Adapter,Apple,Apple 20W USB-C Power Adapter 2Pin (New),1,3000,3000.0,Power Tech
S-01-12-2023-273966,Zahid - 217,B.City,912,Apple Accessories,Data Cable,Apple,Apple USB-C to Lightning Cable 1m - Non Authorized (New),1,1000,1000.0,Power Tech
S-01-12-2023-273966,Zahid - 217,B.City,19633,Used Devices,iPhone - Used,Apple,iPhone 14 128GB Midnight e-Sim (Used),1,81000,81000.0,Devices
S-01-12-2023-273965,Mehedi - 191,TS,4684,Speaker / Headphone,Over Ear Headphones,Anker,Anker Life Q20+ Over Ear Headphone - Black,1,5800,5800.0,Sound Tech
S-01-12-2023-273964,Ayan - 119,B.City,574,Apple Accessories,Power Adapter,Apple,Apple 20W USB-C Power Adapter 2Pin (New),1,3000,3000.0,Power Tech
S-01-12-2023-273964,Ayan - 119,B.City,6980,Outfits,Phone Screen Protector,Joyroom,Joyroom Privacy Glass Protector for iPhone 14 Pro Max,1,1000,1000.0,N|A
S-01-12-2023-273964,Ayan - 119,B.City,22053,Outfits,Phone Cover,,Silicone Protective Case with MagSafe for iPhone 14 Pro Max - Elderberry,1,1200,1200.0,N|A
S-01-12-2023-273964,Ayan - 119,B.City,7073,New Devices,iPhone,Apple,iPhone 14 Pro Max 256GB Gold e-Sim (New),1,140000,140000.0,Devices
S-01-12-2023-273956,Azizul - 223,TS,23619,Outfits,Phone Cover,,Leather Case With MagSafe for iPhone 15 Pro Max - Taupe,1,1200,1200.0,N|A
S-01-12-2023-273953,Shawon - 031,B.City,6230,New Devices,MacBook,Apple,Apple MacBook Air 13.6'' M2 8-CPU 8-GPU 8/256GB Midnight - MLY33 (New),1,129500,129500.0,Devices
S-01-12-2023-273952,Mehedi - 191,TS,21294,Speaker / Headphone,Wireless Headphone,Oraimo,Oraimo Shark 4 Neckband Wireless Earphone - Blue,1,1500,1500.0,Sound Tech
S-01-12-2023-273945,Ahmed - 257,TS,7335,New Devices,Google Mobile,Google,Google Pixel 7 Pro 12/128GB Snow (New),1,79000,79000.0,Devices
S-01-12-2023-273945,Ahmed - 257,TS,5603,Power & Smart Tech,Power Adapter,Google,Google 30W Type-C Charger - Non Authorized (New),1,2500,2500.0,Power Tech
S-01-12-2023-273922,Ridwan-319,JFP,22881,New Devices,iPhone,Apple,iPhone 15 Pro Max 256GB Blue Titanium e-Sim (New),1,170500,170500.0,Devices
S-01-12-2023-273922,Ridwan-319,JFP,22888,Outfits,Phone Camera Protector,kuzoom,Kuzoom Lens Protector for iPhone 15 Pro / 15 Pro Max - Blue,1,650,650.0,N|A
S-01-12-2023-273922,Ridwan-319,JFP,23338,Outfits,Phone Screen Protector,Anank,Anank 2.5D Anti-Blue Glass Screen Protector for iPhone 15 Pro Max,1,1100,1100.0,N|A
S-01-12-2023-273892,Robin - 241,TS,23074,New Devices,Realme Mobile,Realme,Realme 11 Pro 5G 8/256GB Sunrise Beige (New),1,33300,33300.0,Devices
S-01-12-2023-273892,Robin - 241,TS,1049,Speaker / Headphone,Wired Headphone,QKZ,QKZ DM10 In-Ear Earphone - 3.5mm,2,500,1000.0,Sound Tech
S-01-12-2023-273892,Robin - 241,TS,22764,Outfits,Phone Screen Protector,,UV Glass Protector for Honor X9a/ Realme 11 Pro,1,500,500.0,N|A
S-01-12-2023-273890,Safayet - 163,B.City,6008,Outfits,Phone Cover,Magic mask,Magic Mask Hard TPU Case For iPhone 11,1,300,300.0,N|A
S-01-12-2023-273890,Safayet - 163,B.City,5616,Power & Smart Tech,Power Adapter,Anker,Anker PowerPort III 20W Cube,1,1150,1150.0,Power Tech
S-01-12-2023-273890,Safayet - 163,B.City,352,New Devices,iPhone,Apple,iPhone 11 128GB White e-Sim Slim Box (New),1,66000,66000.0,Devices
S-01-12-2023-273827,Towshik - 245,TS,22628,New Devices,Samsung Mobile,Samsung,Samsung S22 Ultra 5G 8/128GB Phantom Black Dual Sim SD (New),1,84500,84500.0,Devices
S-01-12-2023-273827,Towshik - 245,TS,5358,Power & Smart Tech,Power Adapter,Samsung,Samsung 25W USB-C Wall Charger 2Pin - Black,1,2000,2000.0,Power Tech
S-01-12-2023-273827,Towshik - 245,TS,20174,Outfits,Phone Screen Protector,Mohave,Mohave Premium Screen Protector film with Installation Box for Galaxy S22 Ultra/ S23 Ultra,1,1500,1500.0,N|A
S-01-12-2023-273827,Towshik - 245,TS,2573,Outfits,Polly / Sticker,,Clear Polly (7''),1,200,200.0,N|A
S-01-12-2023-273823,Ahmed - 257,TS,23755,New Devices,Samsung Mobile,Samsung,Samsung S23 5G 8/256GB Graphite Dual Sim SD (New),1,81000,81000.0,Devices
S-01-12-2023-273788,Mahmud - 337,TS,22864,New Devices,Xiaomi Mobile,Xiaomi,Xiaomi Redmi Note 12 4G 8/256GB INT Onyx Gray (New),1,20100,20100.0,Devices
S-01-12-2023-273749,Robin - 241,TS,22937,Speaker / Headphone,Wireless Headphone,OnePlus,OnePlus Bullets Wireless Z2 ANC - Green,1,3700,3700.0,Sound Tech
S-01-12-2023-273707,Ahmed - 257,TS,1033,New Devices,MacBook,Apple,Apple MacBook Air 13 M1 8-CPU 7-GPU 8/256GB Silver - MGN93 (New),1,100000,100000.0,Devices
S-01-12-2023-273648,Mehedi - 191,TS,21574,Power & Smart Tech,Power Bank,Baseus,Baseus Star Lord Digital Display 22.5W Power Bank 30000mAh,1,3100,3100.0,Power Tech
S-01-12-2023-273636,Towshik - 245,TS,23361,Power & Smart Tech,Gaming Accessories,Plextone,Plextone EX2 Pro RGB Magnetic Radiator Phone Cooler,1,1450,1450.0,Smart Tech
S-01-12-2023-273576,Tanver - 321,TS,20530,New Devices,Samsung Mobile,Samsung,Samsung S23 Ultra 5G 8/256GB Green Dual Sim SD (New),1,100500,100500.0,Devices
S-01-12-2023-273576,Tanver - 321,TS,7279,Power & Smart Tech,Power Adapter,Samsung,Samsung 45W USB C Wall Charger With Type C Cable 3pin - 5A/1.8M - Black,1,3900,3900.0,Power Tech
S-01-12-2023-273504,Tanver - 321,TS,4950,New Devices,Samsung Mobile,Samsung,Samsung S21 FE 5G 6/128GB Graphite Dual Sim SD (New),1,47000,47000.0,Devices
S-01-12-2023-273372,Robin - 241,TS,22882,New Devices,iPhone,Apple,iPhone 15 Pro Max 256GB Natural Titanium e-Sim (New),1,171500,171500.0,Devices
S-01-12-2023-273372,Robin - 241,TS,569,Apple Accessories,Power Adapter,Apple,Apple 20W USB-C Power Adapter 3Pin (New),1,3000,3000.0,Power Tech
S-01-12-2023-273372,Robin - 241,TS,23338,Outfits,Phone Screen Protector,Anank,Anank 2.5D Anti-Blue Glass Screen Protector for iPhone 15 Pro Max,1,1050,1050.0,N|A
S-01-12-2023-273318,Towshik - 245,TS,23176,Apple Accessories,Smart Watch,Apple,Apple Watch Series 9 45mm Startlight (New),1,55500,55500.0,Smart Watch
S-01-12-2023-273293,Bappy - 336,TS,7623,New Devices,Google Mobile,Google,Google Pixel 7 8/128GB Snow (New),1,55500,55500.0,Devices
S-01-12-2023-273293,Bappy - 336,TS,19858,Power & Smart Tech,Power Adapter,Anker,Anker 511 Charger Nano 3 - 30W - White,1,1650,1650.0,Power Tech
S-01-12-2023-273293,Bappy - 336,TS,22989,Smart Watch,Smart Watch,Amazfit,Amazfit Pop 3S Calling Smart Watch - Black,1,5050,5050.0,Smart Watch
S-01-12-2023-272368,Towshik - 245,TS,22951,New Devices,iPhone,Apple,iPhone 15 Pro Max 256GB White Titanium e-Sim (New),1,172500,172500.0,Devices
S-01-12-2023-272368,Towshik - 245,TS,22892,Outfits,Phone Screen Protector,Joyroom,Joyroom HD Screen Protector for iPhone 15 Pro Max,1,1000,1000.0,N|A
S-01-12-2023-272368,Towshik - 245,TS,23347,Outfits,Phone Camera Protector,Anank,Anank AR Circle Lens Guard for iPhone 15 Pro/15 Pro Max - Transparent,1,850,850.0,N|A
S-01-12-2023-268245,Ashish - 014,TS,19328,New Devices,iPad,Apple,iPad Pro M2 11 128GB WiFi+Cellular Space Gray (New),1,112000,112000.0,Devices
S-01-12-2023-268245,Ashish - 014,TS,22099,Outfits,iPad Cover,Levelo,Levelo Leather Flip Case for iPad 10.9 / 11 inch - Black,1,1800,1800.0,N|A
S-01-12-2023-268245,Ashish - 014,TS,1984,Outfits,iPad Screen Protector,WiWu,WiWu Paperlike Screen Protector for iPad Air 10.9 / Pro 11- inch,1,1000,1000.0,N|A
